Sub_basin,Season,Index,Metric,Lag,n,r,p_eff,q_fdr
Northern,Winter,ONI,Exposure,-3,27,-0.2612276859237553,0.2092811981505831,0.8371247926023324
Northern,Winter,ONI,Exposure,-2,28,0.13325578822424164,0.5128158767090549,0.8857040783450493
Northern,Winter,ONI,Exposure,-1,29,0.0048043892207763565,0.9807827830830966,0.9933712482297942
Northern,Winter,ONI,Exposure,0,30,-0.37147187414017135,0.04738054239932654,0.6329236289706294
Northern,Winter,ONI,Exposure,1,29,-0.07310429195941139,0.7137494191096088,0.9095539939874232
Northern,Winter,ONI,Exposure,2,29,0.20646561822328094,0.2951676517600612,0.8857040783450493
Northern,Winter,ONI,Exposure,3,28,0.10772984930968707,0.592234577927726,0.8857040783450493
Northern,Winter,ONI,Intensity,-3,27,-0.1017976775950637,0.6133884700897734,0.8894577908907727
Northern,Winter,ONI,Intensity,-2,28,0.11113116067314185,0.5734423832542273,0.8857040783450493
Northern,Winter,ONI,Intensity,-1,29,-0.16035429138676546,0.40600368681963417,0.8857040783450493
Northern,Winter,ONI,Intensity,0,30,-0.4582026766722942,0.010885013573542546,0.6095607601183826
Northern,Winter,ONI,Intensity,1,29,-0.08911860338330055,0.6457138522136558,0.9002483582729808
Northern,Winter,ONI,Intensity,2,29,0.16864036031381477,0.3818480827788979,0.8857040783450493
Northern,Winter,ONI,Intensity,3,28,0.409706309574791,0.030373554976576456,0.6329236289706294
Northern,Winter,DMI,Exposure,-3,27,-0.16591096312850728,0.4082029667966347,0.8857040783450493
Northern,Winter,DMI,Exposure,-2,28,0.06710154874758656,0.7344120697056367,0.9173325480338064
Northern,Winter,DMI,Exposure,-1,29,0.1544713094365979,0.4236633203887248,0.8857040783450493
Northern,Winter,DMI,Exposure,0,30,0.07414448910001317,0.6969900891630729,0.9072770694373178
Northern,Winter,DMI,Exposure,1,29,0.017950048043340376,0.9284434923076883,0.9828306072118762
Northern,Winter,DMI,Exposure,2,29,0.00023898707484746803,0.9990452126945277,0.9990452126945277
Northern,Winter,DMI,Exposure,3,28,-0.22107200392273987,0.26783663860706297,0.8857040783450493
Northern,Winter,DMI,Intensity,-3,27,-0.02030959590256518,0.9212731535220022,0.9795815809601036
Northern,Winter,DMI,Intensity,-2,28,0.1370170155664043,0.49710393421359345,0.8857040783450493
Northern,Winter,DMI,Intensity,-1,29,-0.09255835324266307,0.6386025051429984,0.8996808286359554
Northern,Winter,DMI,Intensity,0,30,-0.17912882480613274,0.35029210572912595,0.8857040783450493
Northern,Winter,DMI,Intensity,1,29,0.21624167087757737,0.2598828143374905,0.8857040783450493
Northern,Winter,DMI,Intensity,2,29,0.11141429426209497,0.5650282977132011,0.8857040783450493
Northern,Winter,DMI,Intensity,3,28,0.1277863694771795,0.5169731040431671,0.8857040783450493
Northern,Pre-monsoon,ONI,Exposure,-3,28,0.20226386826601075,0.30197787593196335,0.8857040783450493
Northern,Pre-monsoon,ONI,Exposure,-2,29,-0.1735043933112594,0.3680649127251079,0.8857040783450493
Northern,Pre-monsoon,ONI,Exposure,-1,30,-0.24357133515028584,0.19461577282748133,0.8245629227577517
Northern,Pre-monsoon,ONI,Exposure,0,31,0.19862774774314057,0.28408657710035357,0.8857040783450493
Northern,Pre-monsoon,ONI,Exposure,1,30,0.13058801383615562,0.49156493896234643,0.8857040783450493
Northern,Pre-monsoon,ONI,Exposure,2,29,-0.30688391694784156,0.10538847309416566,0.7471371937912804
Northern,Pre-monsoon,ONI,Exposure,3,28,-0.08835998960286001,0.6547909545188539,0.9016793472062907
Northern,Pre-monsoon,ONI,Intensity,-3,28,-0.029035423313096203,0.8833950239794912,0.967723439403098
Northern,Pre-monsoon,ONI,Intensity,-2,29,-0.09611811036501795,0.6198982546570546,0.8905754075843285
Northern,Pre-monsoon,ONI,Intensity,-1,30,-0.18628368486526872,0.32431688929921054,0.8857040783450493
Northern,Pre-monsoon,ONI,Intensity,0,31,0.1597822710970517,0.39055730643738773,0.8857040783450493
Northern,Pre-monsoon,ONI,Intensity,1,30,0.11115026199281615,0.5587204711947447,0.8857040783450493
Northern,Pre-monsoon,ONI,Intensity,2,29,0.02797075956060404,0.8854772795018948,0.967723439403098
Northern,Pre-monsoon,ONI,Intensity,3,28,-0.01734830443383276,0.9301789675398113,0.9828306072118762
Northern,Pre-monsoon,DMI,Exposure,-3,28,0.2519769330243945,0.19582517815125589,0.8245629227577517
Northern,Pre-monsoon,DMI,Exposure,-2,29,0.030929486090923233,0.8734548520026093,0.967723439403098
Northern,Pre-monsoon,DMI,Exposure,-1,30,0.04822467961222807,0.8002211422546699,0.9472848868396735
Northern,Pre-monsoon,DMI,Exposure,0,31,0.3171702008466649,0.0839906765656202,0.7193831413347889
Northern,Pre-monsoon,DMI,Exposure,1,30,0.040363373774889404,0.8333533803628981,0.9556543884025043
Northern,Pre-monsoon,DMI,Exposure,2,29,-0.14925835976103768,0.4443672169850237,0.8857040783450493
Northern,Pre-monsoon,DMI,Exposure,3,28,-0.1385559381992714,0.4846904804671126,0.8857040783450493
Northern,Pre-monsoon,DMI,Intensity,-3,28,0.38808304892470097,0.04128200419641859,0.6329236289706294
Northern,Pre-monsoon,DMI,Intensity,-2,29,0.3460600009338397,0.06592954468444057,0.6329236289706294
Northern,Pre-monsoon,DMI,Intensity,-1,30,-0.04080574360208919,0.8304735740190841,0.9556543884025043
Northern,Pre-monsoon,DMI,Intensity,0,31,0.20007439334100166,0.2833338947327042,0.8857040783450493
Northern,Pre-monsoon,DMI,Intensity,1,30,-0.17714853404933656,0.3521242257569468,0.8857040783450493
Northern,Pre-monsoon,DMI,Intensity,2,29,-0.4061189664918503,0.030606988964700044,0.6329236289706294
Northern,Pre-monsoon,DMI,Intensity,3,28,-0.15137921779378075,0.4446503038474523,0.8857040783450493
Northern,Monsoon,ONI,Exposure,-3,28,0.09788476719678935,0.6202221588533716,0.8905754075843285
Northern,Monsoon,ONI,Exposure,-2,29,0.07092802215868657,0.7146495667044039,0.9095539939874232
Northern,Monsoon,ONI,Exposure,-1,30,-0.25314813252546964,0.17709971398900315,0.8245629227577517
Northern,Monsoon,ONI,Exposure,0,31,-0.2990921647288679,0.10215313212231747,0.7471371937912804
Northern,Monsoon,ONI,Exposure,1,30,0.03539398381870533,0.8526946982844583,0.9614275792737517
Northern,Monsoon,ONI,Exposure,2,29,0.3010080051699404,0.11257438438857936,0.7471371937912804
Northern,Monsoon,ONI,Exposure,3,28,-0.13166420745520213,0.5042266922386855,0.8857040783450493
Northern,Monsoon,ONI,Intensity,-3,28,-0.049884550635015096,0.8035005736586516,0.9472848868396735
Northern,Monsoon,ONI,Intensity,-2,29,0.26916384858404013,0.19189469423965178,0.8245629227577517
Northern,Monsoon,ONI,Intensity,-1,30,0.044673426234461994,0.8292298739143038,0.9556543884025043
Northern,Monsoon,ONI,Intensity,0,31,-0.28955686443319584,0.14507465606468872,0.8245629227577517
Northern,Monsoon,ONI,Intensity,1,30,0.0278828611090439,0.892820799800806,0.967723439403098
Northern,Monsoon,ONI,Intensity,2,29,-0.07925568433934949,0.7074600958112418,0.9072770694373178
Northern,Monsoon,ONI,Intensity,3,28,0.21976477546396062,0.27770946184546474,0.8857040783450493
Northern,Monsoon,DMI,Exposure,-3,28,0.10168392681334582,0.6066457909965863,0.8871148709847756
Northern,Monsoon,DMI,Exposure,-2,29,0.2288172951771198,0.23250259229290093,0.8777625956226373
Northern,Monsoon,DMI,Exposure,-1,30,0.02338540083104252,0.9023755265000113,0.967723439403098
Northern,Monsoon,DMI,Exposure,0,31,-0.14493884308814592,0.43660195717733563,0.8857040783450493
Northern,Monsoon,DMI,Exposure,1,30,-0.25437003750687365,0.1749474717776367,0.8245629227577517
Northern,Monsoon,DMI,Exposure,2,29,0.30231409531260384,0.11094648311991451,0.7471371937912804
Northern,Monsoon,DMI,Exposure,3,28,-0.006622561739500155,0.973319025663691,0.9933712482297942
Northern,Monsoon,DMI,Intensity,-3,28,-0.1246822094337537,0.5812434086116021,0.8857040783450493
Northern,Monsoon,DMI,Intensity,-2,29,0.007885630282730476,0.9731787595018804,0.9933712482297942
Northern,Monsoon,DMI,Intensity,-1,30,0.3086101706855019,0.18947486909508893,0.8245629227577517
Northern,Monsoon,DMI,Intensity,0,31,-0.405527096826432,0.06235529324570144,0.6329236289706294
Northern,Monsoon,DMI,Intensity,1,30,0.09955408221489569,0.6712844044513626,0.9058295578138869
Northern,Monsoon,DMI,Intensity,2,29,-0.1693315461964368,0.48162532532377633,0.8857040783450493
Northern,Monsoon,DMI,Intensity,3,28,0.5550358947131846,0.010655417091021135,0.6095607601183826
Northern,Post-monsoon,ONI,Exposure,-3,28,0.15373457065691926,0.43615389758220924,0.8857040783450493
Northern,Post-monsoon,ONI,Exposure,-2,29,-0.10131425236875964,0.6010134817341406,0.8857040783450493
Northern,Post-monsoon,ONI,Exposure,-1,30,-0.2448524480917713,0.19220554915816734,0.8245629227577517
Northern,Post-monsoon,ONI,Exposure,0,31,-0.2983997685545322,0.10298805295966118,0.7471371937912804
Northern,Post-monsoon,ONI,Exposure,1,30,0.29225170210954265,0.1170801128013903,0.7471371937912804
Northern,Post-monsoon,ONI,Exposure,2,29,0.051197615553087376,0.7919704023052381,0.9469824027564412
Northern,Post-monsoon,ONI,Exposure,3,28,-0.384452685525206,0.04338642897179423,0.6329236289706294
Northern,Post-monsoon,ONI,Intensity,-3,28,0.13021255525538777,0.5096154113581663,0.8857040783450493
Northern,Post-monsoon,ONI,Intensity,-2,29,-0.4191212604176634,0.023629663872208884,0.6329236289706294
Northern,Post-monsoon,ONI,Intensity,-1,30,-0.3040726754381056,0.1023316544288344,0.7471371937912804
Northern,Post-monsoon,ONI,Intensity,0,31,-0.14819527368617064,0.4262549449753714,0.8857040783450493
Northern,Post-monsoon,ONI,Intensity,1,30,0.16512790476786376,0.38319744503996267,0.8857040783450493
Northern,Post-monsoon,ONI,Intensity,2,29,0.1319314602785519,0.495104676108987,0.8857040783450493
Northern,Post-monsoon,ONI,Intensity,3,28,0.06195217795488822,0.7541476941458463,0.9247942526751983
Northern,Post-monsoon,DMI,Exposure,-3,28,-0.07964009182836139,0.6870634260076294,0.9072770694373178
Northern,Post-monsoon,DMI,Exposure,-2,29,-0.19650197282771917,0.30694527576157515,0.8857040783450493
Northern,Post-monsoon,DMI,Exposure,-1,30,-0.2554856110479299,0.1729986904300358,0.8245629227577517
Northern,Post-monsoon,DMI,Exposure,0,31,-0.3742707129123304,0.03805268666727324,0.6329236289706294
Northern,Post-monsoon,DMI,Exposure,1,30,0.36180299520109815,0.04946002793056681,0.6329236289706294
Northern,Post-monsoon,DMI,Exposure,2,29,-0.08441345054772421,0.6632988950739076,0.9023013309507406
Northern,Post-monsoon,DMI,Exposure,3,28,-0.3006063280398782,0.1201038424796479,0.7471371937912804
Northern,Post-monsoon,DMI,Intensity,-3,28,0.09537502821901993,0.6292583989848142,0.8996808286359554
Northern,Post-monsoon,DMI,Intensity,-2,29,-0.1975768065126864,0.30425388733479997,0.8857040783450493
Northern,Post-monsoon,DMI,Intensity,-1,30,-0.13607932690480307,0.4733663962898409,0.8857040783450493
Northern,Post-monsoon,DMI,Intensity,0,31,-0.16107271166325263,0.38669130015703024,0.8857040783450493
Northern,Post-monsoon,DMI,Intensity,1,30,0.3304019657509749,0.07454532503309408,0.6591376108189371
Northern,Post-monsoon,DMI,Intensity,2,29,-0.1022049039290068,0.5978012856776977,0.8857040783450493
Northern,Post-monsoon,DMI,Intensity,3,28,0.014905870313965862,0.9399900410344799,0.9839148093071192
Central,Winter,ONI,Exposure,-3,28,0.03406827863981125,0.8645842306146003,0.9651172806860654
Central,Winter,ONI,Exposure,-2,29,-0.1840109893890438,0.347860411507366,0.8857040783450493
Central,Winter,ONI,Exposure,-1,30,-0.29685686017481067,0.12015368539885052,0.7471371937912804
Central,Winter,ONI,Exposure,0,31,0.10266277517701944,0.5940272607634243,0.8857040783450493
Central,Winter,ONI,Exposure,1,30,0.146761992361896,0.45439907489484965,0.8857040783450493
Central,Winter,ONI,Exposure,2,29,-0.1050787621187999,0.6000536559351217,0.8857040783450493
Central,Winter,ONI,Exposure,3,28,-0.12804589766706648,0.5311290741865697,0.8857040783450493
Central,Winter,ONI,Intensity,-3,28,-0.039769069794029874,0.8407587959715292,0.955721496054929
Central,Winter,ONI,Intensity,-2,29,-0.12066683909292278,0.5329478937391081,0.8857040783450493
Central,Winter,ONI,Intensity,-1,30,-0.08830556343116844,0.6426291633113967,0.8996808286359554
Central,Winter,ONI,Intensity,0,31,-0.2575338345984577,0.16190720329892616,0.8245629227577517
Central,Winter,ONI,Intensity,1,30,0.12072475519661398,0.5251215319709426,0.8857040783450493
Central,Winter,ONI,Intensity,2,29,-0.17678888360686862,0.35892528787829225,0.8857040783450493
Central,Winter,ONI,Intensity,3,28,0.28890930530782194,0.13946609711255165,0.8221159408739886
Central,Winter,DMI,Exposure,-3,28,-0.09494065961505295,0.632129090392336,0.8996808286359554
Central,Winter,DMI,Exposure,-2,29,0.024888615451055876,0.8980276605790465,0.967723439403098
Central,Winter,DMI,Exposure,-1,30,-0.07768607423734268,0.6850221820354832,0.9072770694373178
Central,Winter,DMI,Exposure,0,31,-0.1870578087431492,0.31985680341791456,0.8857040783450493
Central,Winter,DMI,Exposure,1,30,0.02830560497647018,0.8850936213617371,0.967723439403098
Central,Winter,DMI,Exposure,2,29,0.35331019244372275,0.06506770065137513,0.6329236289706294
Central,Winter,DMI,Exposure,3,28,0.2371702433744891,0.23823036096721717,0.8796197943404942
Central,Winter,DMI,Intensity,-3,28,-0.21806504233440965,0.26495110087121665,0.8857040783450493
Central,Winter,DMI,Intensity,-2,29,-0.03735317644016452,0.8474955070560393,0.9587827958613778
Central,Winter,DMI,Intensity,-1,30,0.010965745027852027,0.9541378770290858,0.9899341835726284
Central,Winter,DMI,Intensity,0,31,-0.2348500507139983,0.20346881466345934,0.8245629227577517
Central,Winter,DMI,Intensity,1,30,0.5815202084032541,0.0007507085952993542,0.252238088020583
Central,Winter,DMI,Intensity,2,29,0.19635625873219867,0.30731128559503373,0.8857040783450493
Central,Winter,DMI,Intensity,3,28,0.22939584888457007,0.24378241257583033,0.8814846815767067
Central,Pre-monsoon,ONI,Exposure,-3,28,0.11815228877519937,0.5500477701590922,0.8857040783450493
Central,Pre-monsoon,ONI,Exposure,-2,29,-0.14678827414041387,0.44834950114353167,0.8857040783450493
Central,Pre-monsoon,ONI,Exposure,-1,30,-0.2894746706734062,0.12229924303131079,0.7471371937912804
Central,Pre-monsoon,ONI,Exposure,0,31,0.22717247366586682,0.22507864363240215,0.8692692443734151
Central,Pre-monsoon,ONI,Exposure,1,30,0.25028000306330356,0.18759253126189246,0.8245629227577517
Central,Pre-monsoon,ONI,Exposure,2,29,-0.14985345639823305,0.44323523327084047,0.8857040783450493
Central,Pre-monsoon,ONI,Exposure,3,28,-0.02672735086976956,0.894049649872662,0.967723439403098
Central,Pre-monsoon,ONI,Intensity,-3,28,-0.16114650005146733,0.42304191584298745,0.8857040783450493
Central,Pre-monsoon,ONI,Intensity,-2,29,0.11561055363788597,0.5624307339307149,0.8857040783450493
Central,Pre-monsoon,ONI,Intensity,-1,30,-0.04188271064098155,0.8307781789535431,0.9556543884025043
Central,Pre-monsoon,ONI,Intensity,0,31,0.10647237024495722,0.5784500018734624,0.8857040783450493
Central,Pre-monsoon,ONI,Intensity,1,30,0.4857710378231277,0.008100331124588633,0.6095607601183826
Central,Pre-monsoon,ONI,Intensity,2,29,0.08926522111369777,0.6538724118761108,0.9016793472062907
Central,Pre-monsoon,ONI,Intensity,3,28,-0.10463602364069687,0.6072512509717214,0.8871148709847756
Central,Pre-monsoon,DMI,Exposure,-3,28,0.16785199596619993,0.39382058933045405,0.8857040783450493
Central,Pre-monsoon,DMI,Exposure,-2,29,0.010995072823193395,0.9549116147136674,0.9899341835726284
Central,Pre-monsoon,DMI,Exposure,-1,30,0.05123624893560583,0.7881449375521352,0.9457739250625622
Central,Pre-monsoon,DMI,Exposure,0,31,0.26723524097169027,0.14612872461202708,0.8245629227577517
Central,Pre-monsoon,DMI,Exposure,1,30,0.26176628675205577,0.16231292148963172,0.8245629227577517
Central,Pre-monsoon,DMI,Exposure,2,29,-0.0782465589637928,0.686613367293456,0.9072770694373178
Central,Pre-monsoon,DMI,Exposure,3,28,-0.07004018042795346,0.7232220358022272,0.9105821184081367
Central,Pre-monsoon,DMI,Intensity,-3,28,0.3646330599731664,0.06018256137024114,0.6329236289706294
Central,Pre-monsoon,DMI,Intensity,-2,29,0.1433139465836375,0.46568795469025215,0.8857040783450493
Central,Pre-monsoon,DMI,Intensity,-1,30,-0.008898361206002351,0.9629307613812568,0.9908717794447771
Central,Pre-monsoon,DMI,Intensity,0,31,0.05681703787165362,0.7614408352002491,0.9303422568264862
Central,Pre-monsoon,DMI,Intensity,1,30,0.13918040099737047,0.46324633964302,0.8857040783450493
Central,Pre-monsoon,DMI,Intensity,2,29,-0.3732080273117913,0.04614198888098797,0.6329236289706294
Central,Pre-monsoon,DMI,Intensity,3,28,-0.08416134875435496,0.6702588286482327,0.9058295578138869
Central,Monsoon,ONI,Exposure,-3,28,0.08115803142501649,0.6814048294560218,0.9072770694373178
Central,Monsoon,ONI,Exposure,-2,29,-0.056466330689507,0.7710995555115208,0.9347517550367744
Central,Monsoon,ONI,Exposure,-1,30,-0.1777393248925771,0.34739026742077783,0.8857040783450493
Central,Monsoon,ONI,Exposure,0,31,-0.4617199593811173,0.00893049230340881,0.6095607601183826
Central,Monsoon,ONI,Exposure,1,30,0.15898025415402364,0.40139844737403685,0.8857040783450493
Central,Monsoon,ONI,Exposure,2,29,0.358207475164252,0.05638902339131446,0.6329236289706294
Central,Monsoon,ONI,Exposure,3,28,-0.20254725389488798,0.3012866392188531,0.8857040783450493
Central,Monsoon,ONI,Intensity,-3,28,-0.05737328351192833,0.7733957973220931,0.9347517550367744
Central,Monsoon,ONI,Intensity,-2,29,0.07837322891809756,0.699460877767176,0.9072770694373178
Central,Monsoon,ONI,Intensity,-1,30,0.14636302589625594,0.4628027932936667,0.8857040783450493
Central,Monsoon,ONI,Intensity,0,31,-0.31444773752600563,0.10034095781025898,0.7471371937912804
Central,Monsoon,ONI,Intensity,1,30,-0.16686500063442838,0.40193703236405254,0.8857040783450493
Central,Monsoon,ONI,Intensity,2,29,-0.17533135751008702,0.3873479984555799,0.8857040783450493
Central,Monsoon,ONI,Intensity,3,28,0.06889108190693359,0.7328114546545152,0.9173325480338064
Central,Monsoon,DMI,Exposure,-3,28,0.06419110479123646,0.7455473313886303,0.9222424154881346
Central,Monsoon,DMI,Exposure,-2,29,0.2526415371726251,0.18608802719933237,0.8245629227577517
Central,Monsoon,DMI,Exposure,-1,30,0.06302405359151476,0.740751642256325,0.9218242659189821
Central,Monsoon,DMI,Exposure,0,31,-0.3491325024608225,0.05421996912306448,0.6329236289706294
Central,Monsoon,DMI,Exposure,1,30,-0.038710197896344986,0.8390638282598868,0.955721496054929
Central,Monsoon,DMI,Exposure,2,29,0.40394786141232714,0.02976449752062882,0.6329236289706294
Central,Monsoon,DMI,Exposure,3,28,-0.24774818035725205,0.2036866743717065,0.8245629227577517
Central,Monsoon,DMI,Intensity,-3,28,-0.4218262181407044,0.03777268123018129,0.6329236289706294
Central,Monsoon,DMI,Intensity,-2,29,-0.025980952735475883,0.9044463097714517,0.967723439403098
Central,Monsoon,DMI,Intensity,-1,30,0.38930037552177427,0.06411794138871829,0.6329236289706294
Central,Monsoon,DMI,Intensity,0,31,-0.28828784816834124,0.15985945440374238,0.8245629227577517
Central,Monsoon,DMI,Intensity,1,30,0.16667847356810275,0.43806032973549525,0.8857040783450493
Central,Monsoon,DMI,Intensity,2,29,-0.08691574494447178,0.6940824040970357,0.9072770694373178
Central,Monsoon,DMI,Intensity,3,28,0.4434189014924996,0.03336270020705201,0.6329236289706294
Central,Post-monsoon,ONI,Exposure,-3,28,0.14493298305454083,0.46182392472131983,0.8857040783450493
Central,Post-monsoon,ONI,Exposure,-2,29,-0.17153949267865276,0.3859828701005097,0.8857040783450493
Central,Post-monsoon,ONI,Exposure,-1,30,-0.472456361602856,0.010000577435913538,0.6095607601183826
Central,Post-monsoon,ONI,Exposure,0,31,0.07533247636127435,0.6911908220251481,0.9072770694373178
Central,Post-monsoon,ONI,Exposure,1,30,0.12512783843705724,0.51616936673754,0.8857040783450493
Central,Post-monsoon,ONI,Exposure,2,29,0.16472639169218517,0.3994808457406709,0.8857040783450493
Central,Post-monsoon,ONI,Exposure,3,28,-0.2554416461791786,0.19246174807450478,0.8245629227577517
Central,Post-monsoon,ONI,Intensity,-3,28,0.10380530902711893,0.5995234465740624,0.8857040783450493
Central,Post-monsoon,ONI,Intensity,-2,29,-0.3811173793187821,0.04136852480472575,0.6329236289706294
Central,Post-monsoon,ONI,Intensity,-1,30,-0.15861206396452265,0.402503854553673,0.8857040783450493
Central,Post-monsoon,ONI,Intensity,0,31,-0.13810568949711186,0.4587526281197627,0.8857040783450493
Central,Post-monsoon,ONI,Intensity,1,30,0.09590913607487478,0.6141494270436287,0.8894577908907727
Central,Post-monsoon,ONI,Intensity,2,29,0.1655703014185666,0.39069920880786424,0.8857040783450493
Central,Post-monsoon,ONI,Intensity,3,28,0.08640333593349563,0.66198244273816,0.9023013309507406
Central,Post-monsoon,DMI,Exposure,-3,28,0.02779342921636835,0.8895987224757675,0.967723439403098
Central,Post-monsoon,DMI,Exposure,-2,29,-0.09670068114393687,0.6397421498960534,0.8996808286359554
Central,Post-monsoon,DMI,Exposure,-1,30,-0.44769641679171335,0.02193162055132114,0.6329236289706294
Central,Post-monsoon,DMI,Exposure,0,31,-0.04775738002469136,0.806680344655593,0.9477083769380393
Central,Post-monsoon,DMI,Exposure,1,30,0.16243125734878167,0.41812986964848387,0.8857040783450493
Central,Post-monsoon,DMI,Exposure,2,29,0.1130090846366935,0.5798129932618923,0.8857040783450493
Central,Post-monsoon,DMI,Exposure,3,28,-0.4217902152177471,0.03236946508048821,0.6329236289706294
Central,Post-monsoon,DMI,Intensity,-3,28,0.02306903062094763,0.9072407244404044,0.967723439403098
Central,Post-monsoon,DMI,Intensity,-2,29,-0.1674052516148233,0.38539491678923854,0.8857040783450493
Central,Post-monsoon,DMI,Intensity,-1,30,-0.04328729770125568,0.8203257461906714,0.9556543884025043
Central,Post-monsoon,DMI,Intensity,0,31,-0.21938684022064986,0.23569672082248805,0.8796197943404942
Central,Post-monsoon,DMI,Intensity,1,30,0.22513312383641476,0.23164234102637304,0.8777625956226373
Central,Post-monsoon,DMI,Intensity,2,29,-0.14003921240026018,0.4687317758697507,0.8857040783450493
Central,Post-monsoon,DMI,Intensity,3,28,-0.008854835480453054,0.964330571066792,0.9908717794447771
Southern,Winter,ONI,Exposure,-3,28,-0.05407160954056091,0.7846418052108441,0.9449449697162854
Southern,Winter,ONI,Exposure,-2,29,-0.11394394567800897,0.5561711634864008,0.8857040783450493
Southern,Winter,ONI,Exposure,-1,30,-0.15284051193505638,0.42005582052768675,0.8857040783450493
Southern,Winter,ONI,Exposure,0,31,0.33024105318246844,0.06961127606234041,0.6497052432485105
Southern,Winter,ONI,Exposure,1,30,0.15542996530296077,0.4121290139097944,0.8857040783450493
Southern,Winter,ONI,Exposure,2,29,-0.14513436692709075,0.45254185138806746,0.8857040783450493
Southern,Winter,ONI,Exposure,3,28,-0.09169593891783398,0.6425994996926367,0.8996808286359554
Southern,Winter,ONI,Intensity,-3,28,-0.05041353115527714,0.7989062927091619,0.9472848868396735
Southern,Winter,ONI,Intensity,-2,29,-0.10881649165770997,0.5741900445322652,0.8857040783450493
Southern,Winter,ONI,Intensity,-1,30,0.11230069161770591,0.554631784562936,0.8857040783450493
Southern,Winter,ONI,Intensity,0,31,-0.13528433107886983,0.46806934355255914,0.8857040783450493
Southern,Winter,ONI,Intensity,1,30,0.10884565401245064,0.5669525387243772,0.8857040783450493
Southern,Winter,ONI,Intensity,2,29,-0.21811001159017013,0.25568737717853707,0.8857040783450493
Southern,Winter,ONI,Intensity,3,28,-0.010668207521906179,0.9575256239913816,0.9899341835726284
Southern,Winter,DMI,Exposure,-3,28,0.005159920246767882,0.9792102822379831,0.9933712482297942
Southern,Winter,DMI,Exposure,-2,29,0.003107076912791454,0.9872441379164054,0.9938193985200513
Southern,Winter,DMI,Exposure,-1,30,-0.1533460503197083,0.41850165735416534,0.8857040783450493
Southern,Winter,DMI,Exposure,0,31,-0.13378798310017415,0.4730505670530667,0.8857040783450493
Southern,Winter,DMI,Exposure,1,30,0.14408351866668692,0.44748096626524636,0.8857040783450493
Southern,Winter,DMI,Exposure,2,29,0.14865433840588538,0.4415336636608771,0.8857040783450493
Southern,Winter,DMI,Exposure,3,28,0.0582955707275624,0.7682552442672397,0.9347517550367744
Southern,Winter,DMI,Intensity,-3,28,-0.1344764540245534,0.49508151875500617,0.8857040783450493
Southern,Winter,DMI,Intensity,-2,29,-0.14171373890348887,0.4633973604833552,0.8857040783450493
Southern,Winter,DMI,Intensity,-1,30,-0.11431572672559984,0.5475037656127033,0.8857040783450493
Southern,Winter,DMI,Intensity,0,31,-0.23531944966833093,0.20254065195009474,0.8245629227577517
Southern,Winter,DMI,Intensity,1,30,0.42379339298913815,0.019607037562444418,0.6329236289706294
Southern,Winter,DMI,Intensity,2,29,0.3043766457979564,0.10841151770276802,0.7471371937912804
Southern,Winter,DMI,Intensity,3,28,0.12337518125748974,0.5355746106804331,0.8857040783450493
Southern,Pre-monsoon,ONI,Exposure,-3,28,-0.049318668571963944,0.8031881845319213,0.9472848868396735
Southern,Pre-monsoon,ONI,Exposure,-2,29,-0.12716242315328374,0.5109589536754318,0.8857040783450493
Southern,Pre-monsoon,ONI,Exposure,-1,30,-0.14698820455291883,0.43827917487564605,0.8857040783450493
Southern,Pre-monsoon,ONI,Exposure,0,31,0.31375866970343785,0.08564085015890344,0.7193831413347889
Southern,Pre-monsoon,ONI,Exposure,1,30,0.11389353728115388,0.5489936718011548,0.8857040783450493
Southern,Pre-monsoon,ONI,Exposure,2,29,-0.24537351638985389,0.19950143198964376,0.8245629227577517
Southern,Pre-monsoon,ONI,Exposure,3,28,-0.03432170965639595,0.8623495799044103,0.9651172806860654
Southern,Pre-monsoon,ONI,Intensity,-3,28,-0.040340314516847754,0.8419451274769612,0.955721496054929
Southern,Pre-monsoon,ONI,Intensity,-2,29,0.08349896707217196,0.676094247415556,0.9072770694373178
Southern,Pre-monsoon,ONI,Intensity,-1,30,0.1730022692257428,0.37346597610978627,0.8857040783450493
Southern,Pre-monsoon,ONI,Intensity,0,31,0.1993156622995829,0.29504867110952016,0.8857040783450493
Southern,Pre-monsoon,ONI,Intensity,1,30,0.2155060496575803,0.2660201633218331,0.8857040783450493
Southern,Pre-monsoon,ONI,Intensity,2,29,-0.032948320350264806,0.8687855940912428,0.9665958927637668
Southern,Pre-monsoon,ONI,Intensity,3,28,-0.2202542958919887,0.27443694133601193,0.8857040783450493
Southern,Pre-monsoon,DMI,Exposure,-3,28,-0.08838409088442375,0.6547025586137205,0.9016793472062907
Southern,Pre-monsoon,DMI,Exposure,-2,29,-0.37228870325569885,0.04672406617389058,0.6329236289706294
Southern,Pre-monsoon,DMI,Exposure,-1,30,0.2675743249436114,0.15285799724994442,0.8245629227577517
Southern,Pre-monsoon,DMI,Exposure,0,31,0.04621048295000216,0.811346788473631,0.9498694108959582
Southern,Pre-monsoon,DMI,Exposure,1,30,0.2377347700890691,0.2220514535889202,0.8675498651846185
Southern,Pre-monsoon,DMI,Exposure,2,29,-0.024704755211430972,0.9043461538033912,0.967723439403098
Southern,Pre-monsoon,DMI,Exposure,3,28,0.13514357535858668,0.5072098541949599,0.8857040783450493
Southern,Pre-monsoon,DMI,Intensity,-3,28,-0.12717656678003833,0.5250946161933627,0.8857040783450493
Southern,Pre-monsoon,DMI,Intensity,-2,29,-0.1599475157441416,0.4148622073641457,0.8857040783450493
Southern,Pre-monsoon,DMI,Intensity,-1,30,-0.1674790653084913,0.37825917463621206,0.8857040783450493
Southern,Pre-monsoon,DMI,Intensity,0,31,-0.23790653238895693,0.19747752799009932,0.8245629227577517
Southern,Pre-monsoon,DMI,Intensity,1,30,0.18396800336932845,0.3304748353378617,0.8857040783450493
Southern,Pre-monsoon,DMI,Intensity,2,29,0.06270779358113188,0.7465771934903946,0.9222424154881346
Southern,Pre-monsoon,DMI,Intensity,3,28,0.12609718778325688,0.5225740792024238,0.8857040783450493
Southern,Monsoon,ONI,Exposure,-3,28,0.14266160714270099,0.46894667262557865,0.8857040783450493
Southern,Monsoon,ONI,Exposure,-2,29,-0.07546095160665763,0.6972391002343525,0.9072770694373178
Southern,Monsoon,ONI,Exposure,-1,30,-0.3417194111347141,0.0645697099438094,0.6329236289706294
Southern,Monsoon,ONI,Exposure,0,31,-0.010159180737644435,0.9567433485140422,0.9899341835726284
Southern,Monsoon,ONI,Exposure,1,30,0.34805003880180174,0.05946262353497511,0.6329236289706294
Southern,Monsoon,ONI,Exposure,2,29,0.1060067302528338,0.5841733012400949,0.8857040783450493
Southern,Monsoon,ONI,Exposure,3,28,-0.24177759378072833,0.21515011351476088,0.8504757428348195
Southern,Monsoon,ONI,Intensity,-3,28,-0.22988639790591653,0.24398236722212419,0.8814846815767067
Southern,Monsoon,ONI,Intensity,-2,29,0.14534016609828704,0.47832629158475104,0.8857040783450493
Southern,Monsoon,ONI,Intensity,-1,30,0.02895069070467467,0.8871075226131118,0.967723439403098
Southern,Monsoon,ONI,Intensity,0,31,-0.3767155440116376,0.04971565418645629,0.6329236289706294
Southern,Monsoon,ONI,Intensity,1,30,0.10723197096560659,0.5969496447780243,0.8857040783450493
Southern,Monsoon,ONI,Intensity,2,29,0.20845317938831334,0.30997608537835086,0.8857040783450493
Southern,Monsoon,ONI,Intensity,3,28,-0.1867745436935873,0.35423348480143035,0.8857040783450493
Southern,Monsoon,DMI,Exposure,-3,28,0.2547265950338219,0.19082712127849621,0.8245629227577517
Southern,Monsoon,DMI,Exposure,-2,29,0.21217464246653012,0.2691700814191469,0.8857040783450493
Southern,Monsoon,DMI,Exposure,-1,30,-0.39999772397656785,0.028514046719781305,0.6329236289706294
Southern,Monsoon,DMI,Exposure,0,31,-0.1700000633605889,0.36055732744653435,0.8857040783450493
Southern,Monsoon,DMI,Exposure,1,30,0.14105436082973155,0.45718658199923534,0.8857040783450493
Southern,Monsoon,DMI,Exposure,2,29,0.13774953727856723,0.4761044083393431,0.8857040783450493
Southern,Monsoon,DMI,Exposure,3,28,-0.16995288879650317,0.3872474954420895,0.8857040783450493
Southern,Monsoon,DMI,Intensity,-3,28,-0.37755087262751114,0.07431580875414734,0.6591376108189371
Southern,Monsoon,DMI,Intensity,-2,29,0.1736924713594471,0.4337909335571921,0.8857040783450493
Southern,Monsoon,DMI,Intensity,-1,30,0.08644107450878694,0.7068416212679214,0.9072770694373178
Southern,Monsoon,DMI,Intensity,0,31,-0.3478319574211909,0.09855251672116827,0.7471371937912804
Southern,Monsoon,DMI,Intensity,1,30,0.19651086387063788,0.3768557936804826,0.8857040783450493
Southern,Monsoon,DMI,Intensity,2,29,0.0822362031407547,0.7209036444778341,0.9105821184081367
Southern,Monsoon,DMI,Intensity,3,28,0.08051845406692479,0.7235875762350372,0.9105821184081367
Southern,Post-monsoon,ONI,Exposure,-3,28,-0.12857393621330987,0.5143717376295416,0.8857040783450493
Southern,Post-monsoon,ONI,Exposure,-2,29,-0.26412641492210287,0.17533710299432448,0.8245629227577517
Southern,Post-monsoon,ONI,Exposure,-1,30,-0.145194423239465,0.45271893663956986,0.8857040783450493
Southern,Post-monsoon,ONI,Exposure,0,31,0.1887196617866236,0.3160245058774851,0.8857040783450493
Southern,Post-monsoon,ONI,Exposure,1,30,0.1318875326097476,0.4935524000859428,0.8857040783450493
Southern,Post-monsoon,ONI,Exposure,2,29,0.034451292521042946,0.8610423540035959,0.9651172806860654
Southern,Post-monsoon,ONI,Exposure,3,28,-0.3163870754461244,0.10302955550264059,0.7471371937912804
Southern,Post-monsoon,ONI,Intensity,-3,28,0.20833958462612728,0.28737543732053195,0.8857040783450493
Southern,Post-monsoon,ONI,Intensity,-2,29,-0.27007438709194354,0.1566030777816707,0.8245629227577517
Southern,Post-monsoon,ONI,Intensity,-1,30,-0.015017650639134376,0.9372201937785016,0.9839148093071192
Southern,Post-monsoon,ONI,Intensity,0,31,0.08256813290191821,0.6587906773207646,0.9023013309507406
Southern,Post-monsoon,ONI,Intensity,1,30,0.10714828988573777,0.573050435035745,0.8857040783450493
Southern,Post-monsoon,ONI,Intensity,2,29,0.0434996088556312,0.8227290355483181,0.9556543884025043
Southern,Post-monsoon,ONI,Intensity,3,28,-0.30241564306558816,0.11778080112865741,0.7471371937912804
Southern,Post-monsoon,DMI,Exposure,-3,28,-0.0046231954581645585,0.9815454000365824,0.9933712482297942
Southern,Post-monsoon,DMI,Exposure,-2,29,-0.11092537706948,0.5867927379123365,0.8857040783450493
Southern,Post-monsoon,DMI,Exposure,-1,30,-0.29442356215833754,0.13926780571440123,0.8221159408739886
Southern,Post-monsoon,DMI,Exposure,0,31,0.07452682673928987,0.702418948259881,0.9072770694373178
Southern,Post-monsoon,DMI,Exposure,1,30,0.22059059912149664,0.26866706900739024,0.8857040783450493
Southern,Post-monsoon,DMI,Exposure,2,29,0.0021170243494925967,0.9917528596726353,0.9947133159701655
Southern,Post-monsoon,DMI,Exposure,3,28,-0.469824556063365,0.015410116819153385,0.6329236289706294
Southern,Post-monsoon,DMI,Intensity,-3,28,0.06255275712194364,0.751915003012483,0.9247942526751983
Southern,Post-monsoon,DMI,Intensity,-2,29,-0.10688858722433633,0.581241166575198,0.8857040783450493
Southern,Post-monsoon,DMI,Intensity,-1,30,-0.01565826602573439,0.9345477345372777,0.9839148093071192
Southern,Post-monsoon,DMI,Intensity,0,31,-0.18164444272155106,0.3280940072746572,0.8857040783450493
Southern,Post-monsoon,DMI,Intensity,1,30,0.10384156962463457,0.5850137140488827,0.8857040783450493
Southern,Post-monsoon,DMI,Intensity,2,29,0.0029457711764505467,0.9879038068621939,0.9938193985200513
Southern,Post-monsoon,DMI,Intensity,3,28,-0.2634085259634093,0.17562793432835955,0.8245629227577517
